<?xml version="1.0" encoding="UTF-8" standalone="yes"?>
<addon id="sams.movies" name="sgreaves1.github.io" version="0.0.1" provider-name="sgreaves1">
    <extension point="xbmc.addon.repository" name="Example Repository">
        <dir>
            <info compressed="false">https://raw.githubusercontent.com/sgreaves1/sgreaves1.github.io/master/repo/zips/addons.xml</info>
            <checksum>https://raw.githubusercontent.com/sgreaves1/sgreaves1.github.io/master/repo/zips/addons.xml.md5</checksum>
            <datadir zip="true">https://raw.githubusercontent.com/sgreaves1/sgreaves1.github.io/master/repo/zips/</datadir>
        </dir>
    </extension>
    <extension point="xbmc.addon.metadata">
        <summary>sgreaves1.github.io</summary>
        <description>Plays Sams movies</description>
        <disclaimer>Not the owner of the files, just a scraper</disclaimer>
        <platform>all</platform>
        <assets>
            <icon>icon.png</icon>
            <fanart>fanart.jpg</fanart>
        </assets>
    </extension>
</addon>